Workbook

Sheet Liste_des_taches
A1: 📋 BNGRC — Suivi des tâches du projet final S3
A2: # | B2: Version | C2: Catégorie | D2: Module | E2: Tâche | F2: Description | G2: Type | H2: Estim. (min) | I2: Tps passé | J2: Reste | K2: Avancement | L2: Responsable | M2: Statut | N2: Priorité | O2: Notes
A3: 🔵 VERSION 1 —— ✅ Terminée | Git (Kenny) · BD+Backend+Dashboard (Kenny) · F1 (Ny aina) · Frontend/CSS (Maeva)
A4: 1 | B4: V1 | C4: Git | D4: Setup | E4: Repository | F4: Repository + .gitignore | G4: Configuration | H4: 20 | I4: 20 | J4: =H4-I4 -> 0 | K4: =IF(H4=0,0,MIN(I4/H4,1)) -> 1 | L4: Kenny | M4: ✅ Terminé | N4: Haute | O4: Branch main + dev créées
A5: 2 | B5: V1 | C5: Database | D5: PostgreSQL | E5: Schema + Tables | F5: Schéma + tables (villes, besoins, dons, prix) | G5: SQL | H5: 45 | I5: 45 | J5: =H5-I5 -> 0 | K5: =IF(H5=0,0,MIN(I5/H5,1)) -> 1 | L5: Kenny | M5: ✅ Terminé | N5: Haute | O5: Contraintes FK respectées
A6: 3 | B6: V1 | C6: Database | D6: PostgreSQL | E6: Données test | F6: Insertion données de test | G6: SQL | H6: 15 | I6: 15 | J6: =H6-I6 -> 0 | K6: =IF(H6=0,0,MIN(I6/H6,1)) -> 1 | L6: Ny aina | M6: ✅ Terminé | N6: Moyenne | O6: Jeux de données variés
A7: 4 | B7: V1 | C7: Backend | D7: FlightPHP | E7: Setup MVC | F7: Install + structure MVC + config DB + routes | G7: Setup | H7: 45 | I7: 45 | J7: =H7-I7 -> 0 | K7: =IF(H7=0,0,MIN(I7/H7,1)) -> 1 | L7: Kenny | M7: ✅ Terminé | N7: Haute | O7: Structure Flight conforme
A8: 5 | B8: V1 | C8: Backend | D8: Models | E8: Models CRUD | F8: Ville + Besoin + Don (CRUD) | G8: Code | H8: 25 | I8: 25 | J8: =H8-I8 -> 0 | K8: =IF(H8=0,0,MIN(I8/H8,1)) -> 1 | L8: Kenny | M8: ✅ Terminé | N8: Haute
A9: 6 | B9: V1 | C9: Frontend | D9: Layout | E9: Template | F9: Bootstrap + Header / Navbar / Footer | G9: HTML/CSS | H9: 25 | I9: 25 | J9: =H9-I9 -> 0 | K9: =IF(H9=0,0,MIN(I9/H9,1)) -> 1 | L9: Maeva | M9: ✅ Terminé | N9: Haute | O9: Charte graphique validée
A10: 7 | B10: V1 | C10: Frontend | D10: Pages | E10: Dashboard | F10: Page dashboard basique | G10: HTML/Bootstrap | H10: 15 | I10: 15 | J10: =H10-I10 -> 0 | K10: =IF(H10=0,0,MIN(I10/H10,1)) -> 1 | L10: Kenny | M10: ✅ Terminé | N10: Haute | O10: Configuration Kenny
A11: 8 | B11: V1 | C11: Fonctionnalités | D11: CRUD | E11: Saisie besoins | F11: Formulaire + liste besoins (F1) | G11: Code | H11: 20 | I11: 20 | J11: =H11-I11 -> 0 | K11: =IF(H11=0,0,MIN(I11/H11,1)) -> 1 | L11: Ny aina | M11: ✅ Terminé | N11: Haute | O11: 1ère fonctionnalité — Ny aina
A12: 9 | B12: V1 | C12: Fonctionnalités | D12: CRUD | E12: Saisie dons | F12: Formulaire + liste dons (F2) | G12: Code | H12: 20 | I12: 20 | J12: =H12-I12 -> 0 | K12: =IF(H12=0,0,MIN(I12/H12,1)) -> 1 | L12: Maeva | M12: ✅ Terminé | N12: Haute | O12: Frontend + CSS — Maeva
A13: 10
A14: 🟢 VERSION 2 —— ✅ Terminée | Achats CRUD (Maeva) · Backend (Kenny & Ny aina)
A15: 11 | B15: V2 | C15: Database | D15: PostgreSQL | E15: Tables V2 | F15: Tables dispatch_dons + achats | G15: SQL | H15: 20 | I15: 20 | J15: =H15-I15 -> 0 | K15: =IF(H15=0,0,MIN(I15/H15,1)) -> 1 | L15: Kenny | M15: ✅ Terminé | N15: Haute | O15: Backend Kenny
A16: 12 | B16: V2 | C16: Database | D16: PostgreSQL | E16: Functions/Views | F16: Fonction calcul + vue besoins_restants | G16: SQL | H16: 40 | I16: 40 | J16: =H16-I16 -> 0 | K16: =IF(H16=0,0,MIN(I16/H16,1)) -> 1 | L16: Kenny | M16: ✅ Terminé | N16: Moyenne | O16: Backend Kenny
A17: 13 | B17: V2 | C17: Fonctionnalités | D17: Core | E17: Algo dispatch | F17: Algorithme dispatch par date/saisie | G17: Code | H17: 45 | I17: 45 | J17: =H17-I17 -> 0 | K17: =IF(H17=0,0,MIN(I17/H17,1)) -> 1 | L17: Ny aina | M17: ✅ Terminé | N17: Haute | O17: Backend Ny aina
A18: 14 | B18: V2 | C18: Backend | D18: Controllers | E18: DispatchController | F18: Simulation + validation dispatch | G18: Code | H18: 20 | I18: 20 | J18: =H18-I18 -> 0 | K18: =IF(H18=0,0,MIN(I18/H18,1)) -> 1 | L18: Ny aina | M18: ✅ Terminé | N18: Haute | O18: Backend Ny aina
A19: 15 | B19: V2 | C19: Fonctionnalités | D19: Achats | E19: Système achats CRUD | F19: Modèle Achat + contrôleur + routes + vues | G19: Code | H19: 30 | I19: 30 | J19: =H19-I19 -> 0 | K19: =IF(H19=0,0,MIN(I19/H19,1)) -> 1 | L19: Maeva | M19: ✅ Terminé | N19: Haute | O19: CRUD complet — Maeva (fonctions, ctrl, view)
A20: 16 | B20: V2 | C20: Fonctionnalités | D20: Achats | E20: Conversion argent | F20: Conversion argent + frais % | G20: Code | H20: 15 | I20: 15 | J20: =H20-I20 -> 0 | K20: =IF(H20=0,0,MIN(I20/H20,1)) -> 1 | L20: Maeva | M20: ✅ Terminé | N20: Moyenne | O20: Maeva
A21: 17 | B21: V2 | C21: Fonctionnalités | D21: Achats | E21: Validation achats | F21: Vérification + messages erreur | G21: Code | H21: 15 | I21: 15 | J21: =H21-I21 -> 0 | K21: =IF(H21=0,0,MIN(I21/H21,1)) -> 1 | L21: Maeva | M21: ✅ Terminé | N21: Haute | O21: Maeva
A22: 18 | B22: V2 | C22: Frontend | D22: Pages | E22: Page achats | F22: Liste achats + filtres ville | G22: HTML/Bootstrap | H22: 20 | I22: 20 | J22: =H22-I22 -> 0 | K22: =IF(H22=0,0,MIN(I22/H22,1)) -> 1 | L22: Maeva | M22: ✅ Terminé | N22: Haute | O22: Frontend + CSS — Maeva
A23: 19 | B23: V2 | C23: Frontend | D23: Pages | E23: Page simulation | F23: Interface simulation (2 boutons) | G23: HTML/Bootstrap | H23: 15 | I23: 15 | J23: =H23-I23 -> 0 | K23: =IF(H23=0,0,MIN(I23/H23,1)) -> 1 | L23: Maeva | M23: ✅ Terminé | N23: Haute | O23: Maeva
A24: 20 | B24: V2 | C24: Frontend | D24: Pages | E24: Récapitulation | F24: Page récap + bouton AJAX actualiser | G24: HTML/Bootstrap | H24: 15 | I24: 15 | J24: =H24-I24 -> 0 | K24: =IF(H24=0,0,MIN(I24/H24,1)) -> 1 | L24: Maeva | M24: ✅ Terminé | N24: Haute | O24: Maeva
A25: 21
A26: 22 | B26: V2 | C26: Tests | D26: V2 | E26: Tests complets | F26: Tests dispatch + achats + E2E | G26: Test | H26: 25 | I26: 25 | J26: =H26-I26 -> 0 | K26: =IF(H26=0,0,MIN(I26/H26,1)) -> 1 | L26: Ny aina | M26: ✅ Terminé | N26: Haute
A27: 🟡 VERSION 3 —— ✅ Terminée | Backend (Kenny & Ny aina) + Affichage (Maeva)
A28: 23 | B28: V3 | C28: Backend | D28: API | E28: API REST dons | F28: Endpoints REST : dons + validation | G28: Code | H28: 30 | I28: 30 | J28: =H28-I28 -> 0 | K28: =IF(H28=0,0,MIN(I28/H28,1)) -> 1 | L28: Kenny | M28: ✅ Terminé | N28: Haute | O28: Backend Kenny
A29: 24 | B29: V3 | C29: Backend | D29: API | E29: API REST besoins | F29: Endpoints REST : besoins par ville | G29: Code | H29: 25 | I29: 25 | J29: =H29-I29 -> 0 | K29: =IF(H29=0,0,MIN(I29/H29,1)) -> 1 | L29: Kenny | M29: ✅ Terminé | N29: Haute | O29: Backend Kenny
A30: 25 | B30: V3 | C30: Fonctionnalités | D30: Dispatch | E30: Dispatch automatique | F30: Dispatch automatique lors d'un nouveau don | G30: Code | H30: 35 | I30: 35 | J30: =H30-I30 -> 0 | K30: =IF(H30=0,0,MIN(I30/H30,1)) -> 1 | L30: Ny aina | M30: ✅ Terminé | N30: Haute | O30: Backend Ny aina
A31: 26
A32: 27 | B32: V3 | C32: Frontend | D32: Dashboard | E32: Dashboard V3 | F32: Affichage dynamique — tout fonctionne bien | G32: HTML/Bootstrap | H32: 20 | I32: 20 | J32: =H32-I32 -> 0 | K32: =IF(H32=0,0,MIN(I32/H32,1)) -> 1 | L32: Maeva | M32: ✅ Terminé | N32: Haute | O32: Configuration affichage — Maeva
A33: 28 | B33: V3 | C33: Tests | D33: V3 | E33: Tests intégration | F33: Tests API + dispatch auto + rapport | G33: Test | H33: 20 | I33: 20 | J33: =H33-I33 -> 0 | K33: =IF(H33=0,0,MIN(I33/H33,1)) -> 1 | L33: Ny aina | M33: ✅ Terminé | N33: Haute
A34: 🔵 VERSION 4 —— 📌 À planifier (espace réservé)
A35: 29 | B35: V4 | C35: À définir | D35: — | E35: Fonctionnalité V4 #1 | F35: À planifier | G35: — | J35: 0 | K35: 0 | L35: — | M35: 📌 À planifier | N35: —
A36: 30 | B36: V4 | C36: À définir | D36: — | E36: Fonctionnalité V4 #2 | F36: À planifier | G36: — | J36: 0 | K36: 0 | L36: — | M36: 📌 À planifier | N36: —
A37: 31 | B37: V4 | C37: À définir | D37: — | E37: Tests V4 | F37: À planifier | G37: Test | J37: 0 | K37: 0 | L37: — | M37: 📌 À planifier | N37: —
A38: 32 | B38: V4 | C38: Déploiement | D38: ITU | E38: Déploiement serveur ITU | F38: Mise en production sur serveur ITU | G38: DevOps | J38: 0 | K38: 0 | L38: — | M38: 📌 À planifier | N38: Haute

Sheet Avancement_projet
A1: 📊 Avancement global du projet
A2: Métrique | B2: V1 ✅ | C2: V2 ✅ | D2: V3 ✅ | E2: V4 📌 | F2: Total | G2: Heures
A3: Estimation (min) | B3: =Liste_des_taches!H4+Liste_des_taches!H5+Liste_des_taches!H6+Liste_des_taches!H7+Liste_des_taches!H8+Liste_des_taches!H9+Liste_des_taches!H10+Liste_des_taches!H11+Liste_des_taches!H12 -> 230 | C3: =Liste_des_taches!H15+Liste_des_taches!H16+Liste_des_taches!H17+Liste_des_taches!H18+Liste_des_taches!H19+Liste_des_taches!H20+Liste_des_taches!H21+Liste_des_taches!H22+Liste_des_taches!H23+Liste_des_taches!H24+Liste_des_taches!H26 -> 260 | D3: =Liste_des_taches!H28+Liste_des_taches!H29+Liste_des_taches!H30+Liste_des_taches!H32+Liste_des_taches!H33 -> 130 | E3: =Liste_des_taches!H35+Liste_des_taches!H36+Liste_des_taches!H37+Liste_des_taches!H38 -> 0 | F3: =B3+C3+D3+E3 -> 620 | G3: =ROUND(F3/60,1) -> 10.3
A4: Temps passé (min) | B4: =Liste_des_taches!I4+Liste_des_taches!I5+Liste_des_taches!I6+Liste_des_taches!I7+Liste_des_taches!I8+Liste_des_taches!I9+Liste_des_taches!I10+Liste_des_taches!I11+Liste_des_taches!I12 -> 230 | C4: =Liste_des_taches!I15+Liste_des_taches!I16+Liste_des_taches!I17+Liste_des_taches!I18+Liste_des_taches!I19+Liste_des_taches!I20+Liste_des_taches!I21+Liste_des_taches!I22+Liste_des_taches!I23+Liste_des_taches!I24+Liste_des_taches!I26 -> 260 | D4: =Liste_des_taches!I28+Liste_des_taches!I29+Liste_des_taches!I30+Liste_des_taches!I32+Liste_des_taches!I33 -> 130 | E4: =Liste_des_taches!I35+Liste_des_taches!I36+Liste_des_taches!I37+Liste_des_taches!I38 -> 0 | F4: =B4+C4+D4+E4 -> 620 | G4: =ROUND(F4/60,1) -> 10.3
A5: Reste à faire | B5: =Liste_des_taches!J4+Liste_des_taches!J5+Liste_des_taches!J6+Liste_des_taches!J7+Liste_des_taches!J8+Liste_des_taches!J9+Liste_des_taches!J10+Liste_des_taches!J11+Liste_des_taches!J12 -> 0 | C5: =Liste_des_taches!J15+Liste_des_taches!J16+Liste_des_taches!J17+Liste_des_taches!J18+Liste_des_taches!J19+Liste_des_taches!J20+Liste_des_taches!J21+Liste_des_taches!J22+Liste_des_taches!J23+Liste_des_taches!J24+Liste_des_taches!J26 -> 0 | D5: =Liste_des_taches!J28+Liste_des_taches!J29+Liste_des_taches!J30+Liste_des_taches!J32+Liste_des_taches!J33 -> 0 | E5: =Liste_des_taches!J35+Liste_des_taches!J36+Liste_des_taches!J37+Liste_des_taches!J38 -> 0 | F5: =B5+C5+D5+E5 -> 0 | G5: =ROUND(F5/60,1) -> 0
A6: Avancement | B6: =IF(B3=0,0,B4/B3) -> 1 | C6: =IF(C3=0,0,C4/C3) -> 1 | D6: =IF(D3=0,0,D4/D3) -> 1 | E6: =IF(E3=0,0,E4/E3) -> 0 | F6: =IF(B3+C3+D3+E3=0,0,(B4+C4+D4+E4)/(B3+C3+D3+E3)) -> 1 | G6: —
A7: Tâches terminées | B7: =TEXT((Liste_des_taches!M4="✅ Terminé")*1+(Liste_des_taches!M5="✅ Terminé")*1+(Liste_des_taches!M6="✅ Terminé")*1+(Liste_des_taches!M7="✅ Terminé")*1+(Liste_des_taches!M8="✅ Terminé")*1+(Liste_des_taches!M9="✅ Terminé")*1+(Liste_des_taches!M10="✅ Terminé")*1+(Liste_des_taches!M11="✅ Terminé")*1+(Liste_des_taches!M12="✅ Terminé")*1,"0")&"/9" -> 9/9 | C7: =TEXT((Liste_des_taches!M15="✅ Terminé")*1+(Liste_des_taches!M16="✅ Terminé")*1+(Liste_des_taches!M17="✅ Terminé")*1+(Liste_des_taches!M18="✅ Terminé")*1+(Liste_des_taches!M19="✅ Terminé")*1+(Liste_des_taches!M20="✅ Terminé")*1+(Liste_des_taches!M21="✅ Terminé")*1+(Liste_des_taches!M22="✅ Terminé")*1+(Liste_des_taches!M23="✅ Terminé")*1+(Liste_des_taches!M24="✅ Terminé")*1+(Liste_des_taches!M26="✅ Terminé")*1,"0")&"/11" -> 11/11 | D7: =TEXT((Liste_des_taches!M28="✅ Terminé")*1+(Liste_des_taches!M29="✅ Terminé")*1+(Liste_des_taches!M30="✅ Terminé")*1+(Liste_des_taches!M32="✅ Terminé")*1+(Liste_des_taches!M33="✅ Terminé")*1,"0")&"/5" -> 5/5 | E7: =TEXT((Liste_des_taches!M35="✅ Terminé")*1+(Liste_des_taches!M36="✅ Terminé")*1+(Liste_des_taches!M37="✅ Terminé")*1+(Liste_des_taches!M38="✅ Terminé")*1,"0")&"/4" -> 0/4 | F7: =TEXT((Liste_des_taches!M4="✅ Terminé")*1+(Liste_des_taches!M5="✅ Terminé")*1+(Liste_des_taches!M6="✅ Terminé")*1+(Liste_des_taches!M7="✅ Terminé")*1+(Liste_des_taches!M8="✅ Terminé")*1+(Liste_des_taches!M9="✅ Terminé")*1+(Liste_des_taches!M10="✅ Terminé")*1+(Liste_des_taches!M11="✅ Terminé")*1+(Liste_des_taches!M12="✅ Terminé")*1+(Liste_des_taches!M15="✅ Terminé")*1+(Liste_des_taches!M16="✅ Terminé")*1+(Liste_des_taches!M17="✅ Terminé")*1+(Liste_des_taches!M18="✅ Terminé")*1+(Liste_des_taches!M19="✅ Terminé")*1+(Liste_des_taches!M20="✅ Terminé")*1+(Liste_des_taches!M21="✅ Terminé")*1+(Liste_des_taches!M22="✅ Terminé")*1+(Liste_des_taches!M23="✅ Terminé")*1+(Liste_des_taches!M24="✅ Terminé")*1+(Liste_des_taches!M26="✅ Terminé")*1+(Liste_des_taches!M28="✅ Terminé")*1+(Liste_des_taches!M29="✅ Terminé")*1+(Liste_des_taches!M30="✅ Terminé")*1+(Liste_des_taches!M32="✅ Terminé")*1+(Liste_des_taches!M33="✅ Terminé")*1+(Liste_des_taches!M35="✅ Terminé")*1+(Liste_des_taches!M36="✅ Terminé")*1+(Liste_des_taches!M37="✅ Terminé")*1+(Liste_des_taches!M38="✅ Terminé")*1,"0")&"/29" -> 25/29 | G7: —
A8: 🎨 Légende : 🔵 V1 terminée · 🟢 V2 terminée · 🟡 V3 terminée · 🔵 V4 à planifier

Sheet Repartition_membres
A1: 👥 Répartition des tâches par membre
A2: Membre | B2: V1 (min) | C2: V2 (min) | D2: V3 (min) | E2: V4 (min) | F2: Total (min) | G2: Heures | H2: % Charge
A3: Kenny | B3: =IF(Liste_des_taches!L4="Kenny",Liste_des_taches!H4,0)+IF(Liste_des_taches!L5="Kenny",Liste_des_taches!H5,0)+IF(Liste_des_taches!L6="Kenny",Liste_des_taches!H6,0)+IF(Liste_des_taches!L7="Kenny",Liste_des_taches!H7,0)+IF(Liste_des_taches!L8="Kenny",Liste_des_taches!H8,0)+IF(Liste_des_taches!L9="Kenny",Liste_des_taches!H9,0)+IF(Liste_des_taches!L10="Kenny",Liste_des_taches!H10,0)+IF(Liste_des_taches!L11="Kenny",Liste_des_taches!H11,0)+IF(Liste_des_taches!L12="Kenny",Liste_des_taches!H12,0) -> 150 | C3: =IF(Liste_des_taches!L15="Kenny",Liste_des_taches!H15,0)+IF(Liste_des_taches!L16="Kenny",Liste_des_taches!H16,0)+IF(Liste_des_taches!L17="Kenny",Liste_des_taches!H17,0)+IF(Liste_des_taches!L18="Kenny",Liste_des_taches!H18,0)+IF(Liste_des_taches!L19="Kenny",Liste_des_taches!H19,0)+IF(Liste_des_taches!L20="Kenny",Liste_des_taches!H20,0)+IF(Liste_des_taches!L21="Kenny",Liste_des_taches!H21,0)+IF(Liste_des_taches!L22="Kenny",Liste_des_taches!H22,0)+IF(Liste_des_taches!L23="Kenny",Liste_des_taches!H23,0)+IF(Liste_des_taches!L24="Kenny",Liste_des_taches!H24,0)+IF(Liste_des_taches!L26="Kenny",Liste_des_taches!H26,0) -> 60 | D3: =IF(Liste_des_taches!L28="Kenny",Liste_des_taches!H28,0)+IF(Liste_des_taches!L29="Kenny",Liste_des_taches!H29,0)+IF(Liste_des_taches!L30="Kenny",Liste_des_taches!H30,0)+IF(Liste_des_taches!L32="Kenny",Liste_des_taches!H32,0)+IF(Liste_des_taches!L33="Kenny",Liste_des_taches!H33,0) -> 55 | E3: =IF(Liste_des_taches!L35="Kenny",Liste_des_taches!H35,0)+IF(Liste_des_taches!L36="Kenny",Liste_des_taches!H36,0)+IF(Liste_des_taches!L37="Kenny",Liste_des_taches!H37,0)+IF(Liste_des_taches!L38="Kenny",Liste_des_taches!H38,0) -> 0 | F3: =B3+C3+D3+E3 -> 265 | G3: =F3/60 -> 4.4166667 | H3: =F3/F7 -> 0.42741935
A4: Maeva | B4: =IF(Liste_des_taches!L4="Maeva",Liste_des_taches!H4,0)+IF(Liste_des_taches!L5="Maeva",Liste_des_taches!H5,0)+IF(Liste_des_taches!L6="Maeva",Liste_des_taches!H6,0)+IF(Liste_des_taches!L7="Maeva",Liste_des_taches!H7,0)+IF(Liste_des_taches!L8="Maeva",Liste_des_taches!H8,0)+IF(Liste_des_taches!L9="Maeva",Liste_des_taches!H9,0)+IF(Liste_des_taches!L10="Maeva",Liste_des_taches!H10,0)+IF(Liste_des_taches!L11="Maeva",Liste_des_taches!H11,0)+IF(Liste_des_taches!L12="Maeva",Liste_des_taches!H12,0) -> 45 | C4: =IF(Liste_des_taches!L15="Maeva",Liste_des_taches!H15,0)+IF(Liste_des_taches!L16="Maeva",Liste_des_taches!H16,0)+IF(Liste_des_taches!L17="Maeva",Liste_des_taches!H17,0)+IF(Liste_des_taches!L18="Maeva",Liste_des_taches!H18,0)+IF(Liste_des_taches!L19="Maeva",Liste_des_taches!H19,0)+IF(Liste_des_taches!L20="Maeva",Liste_des_taches!H20,0)+IF(Liste_des_taches!L21="Maeva",Liste_des_taches!H21,0)+IF(Liste_des_taches!L22="Maeva",Liste_des_taches!H22,0)+IF(Liste_des_taches!L23="Maeva",Liste_des_taches!H23,0)+IF(Liste_des_taches!L24="Maeva",Liste_des_taches!H24,0)+IF(Liste_des_taches!L26="Maeva",Liste_des_taches!H26,0) -> 110 | D4: =IF(Liste_des_taches!L28="Maeva",Liste_des_taches!H28,0)+IF(Liste_des_taches!L29="Maeva",Liste_des_taches!H29,0)+IF(Liste_des_taches!L30="Maeva",Liste_des_taches!H30,0)+IF(Liste_des_taches!L32="Maeva",Liste_des_taches!H32,0)+IF(Liste_des_taches!L33="Maeva",Liste_des_taches!H33,0) -> 20 | E4: =IF(Liste_des_taches!L35="Maeva",Liste_des_taches!H35,0)+IF(Liste_des_taches!L36="Maeva",Liste_des_taches!H36,0)+IF(Liste_des_taches!L37="Maeva",Liste_des_taches!H37,0)+IF(Liste_des_taches!L38="Maeva",Liste_des_taches!H38,0) -> 0 | F4: =B4+C4+D4+E4 -> 175 | G4: =F4/60 -> 2.9166667 | H4: =F4/F7 -> 0.28225806
A5: Ny aina | B5: =IF(Liste_des_taches!L4="Ny aina",Liste_des_taches!H4,0)+IF(Liste_des_taches!L5="Ny aina",Liste_des_taches!H5,0)+IF(Liste_des_taches!L6="Ny aina",Liste_des_taches!H6,0)+IF(Liste_des_taches!L7="Ny aina",Liste_des_taches!H7,0)+IF(Liste_des_taches!L8="Ny aina",Liste_des_taches!H8,0)+IF(Liste_des_taches!L9="Ny aina",Liste_des_taches!H9,0)+IF(Liste_des_taches!L10="Ny aina",Liste_des_taches!H10,0)+IF(Liste_des_taches!L11="Ny aina",Liste_des_taches!H11,0)+IF(Liste_des_taches!L12="Ny aina",Liste_des_taches!H12,0) -> 35 | C5: =IF(Liste_des_taches!L15="Ny aina",Liste_des_taches!H15,0)+IF(Liste_des_taches!L16="Ny aina",Liste_des_taches!H16,0)+IF(Liste_des_taches!L17="Ny aina",Liste_des_taches!H17,0)+IF(Liste_des_taches!L18="Ny aina",Liste_des_taches!H18,0)+IF(Liste_des_taches!L19="Ny aina",Liste_des_taches!H19,0)+IF(Liste_des_taches!L20="Ny aina",Liste_des_taches!H20,0)+IF(Liste_des_taches!L21="Ny aina",Liste_des_taches!H21,0)+IF(Liste_des_taches!L22="Ny aina",Liste_des_taches!H22,0)+IF(Liste_des_taches!L23="Ny aina",Liste_des_taches!H23,0)+IF(Liste_des_taches!L24="Ny aina",Liste_des_taches!H24,0)+IF(Liste_des_taches!L26="Ny aina",Liste_des_taches!H26,0) -> 90 | D5: =IF(Liste_des_taches!L28="Ny aina",Liste_des_taches!H28,0)+IF(Liste_des_taches!L29="Ny aina",Liste_des_taches!H29,0)+IF(Liste_des_taches!L30="Ny aina",Liste_des_taches!H30,0)+IF(Liste_des_taches!L32="Ny aina",Liste_des_taches!H32,0)+IF(Liste_des_taches!L33="Ny aina",Liste_des_taches!H33,0) -> 55 | E5: =IF(Liste_des_taches!L35="Ny aina",Liste_des_taches!H35,0)+IF(Liste_des_taches!L36="Ny aina",Liste_des_taches!H36,0)+IF(Liste_des_taches!L37="Ny aina",Liste_des_taches!H37,0)+IF(Liste_des_taches!L38="Ny aina",Liste_des_taches!H38,0) -> 0 | F5: =B5+C5+D5+E5 -> 180 | G5: =F5/60 -> 3 | H5: =F5/F7 -> 0.29032258
A7: TOTAL | B7: =SUM(B3:B6) -> 230 | C7: =SUM(C3:C6) -> 260 | D7: =SUM(D3:D6) -> 130 | E7: =SUM(E3:E6) -> 0 | F7: =SUM(F3:F6) -> 620 | G7: =F7/60 -> 10.333333 | H7: 100%
A9: 🔵 Kenny | E9: 🟠 Maeva | I9: 🟢 Ny aina
A10: V1 : Git + Structure Flight + BDD + Models + Dashboard config V2 : Tables BDD + Functions/Views + DispatchController + Dashboard V2 V3 : API REST dons & besoins | E10: V1 : Frontend layout, CSS, page dashboard, saisie dons V2 : CRUD Achats complet (fonctions, contrôleur, vues), pages achats/simulation/récap V3 : Configuration affichage dashboard — tout fonctionne | I10: V1 : Données test BDD, 1ère fonctionnalité (saisie besoins), tests V1 V2 : Algo dispatch + DispatchController backend, tests V2 V3 : Dispatch automatique + Export rapport + Tests intégration
